systemSku;Inventory
210000011742;0
210000011743;0
210000011744;0
210000011745;0
210000011746;0
210000011747;1
210000011748;0
210000011749;0
210000011750;0
210000011751;0
210000011752;0
210000011753;0
210000011754;0
210000011755;0
210000011763;0
210000011764;10
210000011766;1
210000011768;0
210000011769;4
210000011771;5
210000011772;8
210000011774;8
210000011775;5
210000011777;4
210000011778;7
210000011780;8
210000011781;0
210000011783;0
210000011786;0
210000011787;4
210000011789;0
210000011792;0
210000011793;0
210000011795;0
210000011797;0
210000011799;2
210000011801;0
210000011803;6
210000011804;16
210000011805;13
210000011806;11
210000011808;12
210000011809;8
210000011811;4
210000011812;0
210000011814;0
210000011815;0
210000011817;6
210000011820;10
210000011821;10
210000011822;20
210000011823;20
210000011824;20
210000011825;10
210000011826;8
210000025494;0
210000025504;0
210000025505;0
210000025506;0
210000025507;0
210000025508;11
210000025509;0
210000025510;1
210000025511;0
210000025512;0
210000025513;0
210000025514;0
210000025515;0
210000025516;0
210000025517;1
210000025518;0
210000025519;0
210000030063;0
210000030065;0
210000039471;1
210000039472;0
210000039473;0
210000039474;0
210000039475;0
210000039476;2
210000039477;0
210000039478;0
210000039479;0
210000039480;0
210000039481;1
210000039482;0
210000039483;1
210000039484;1
210000039485;0
210000039486;0
210000039487;0
210000039488;1
210000039489;1
210000039490;1
210000039491;0
210000039492;1
210000039493;2
210000039494;2
210000039495;0
210000039496;0
210000039497;1
210000039498;0
210000039499;0
210000039500;0
210000039501;0
210000039502;0
210000039503;2
210000039504;1
210000039505;0
210000039506;1
210000039507;0
210000039508;0
210000039509;1
210000039510;2
210000039511;0
210000039512;1
210000039513;1
210000039514;2
210000039515;3
210000039516;1
210000039517;1
210000039518;0
210000039519;0
210000039520;0
210000039521;0
210000039522;2
210000039523;0
210000039524;4
210000039525;2
210000039526;3
210000039527;1
210000039528;1
210000039529;0
210000039530;0
210000039531;0
210000039532;0
210000039533;1
210000039534;0
210000039535;1
210000039536;0
210000039537;0
210000039538;0
210000039545;1
210000039546;4
210000039547;0
210000039548;1
210000039549;0
210000039550;1
210000039551;2
210000039552;0
210000039553;1
210000039554;0
210000039555;0
210000039556;1
210000039557;0
210000039558;2
210000039559;5
210000039560;0
210000039561;0
210000039562;0
210000039564;1
210000039565;0
210000039566;0
210000039567;0
210000039568;0
210000039569;0
210000039570;0
210000039571;4
210000039573;0
210000039574;0
210000039575;0
210000039576;0
210000039577;0
210000039578;0
210000039579;0
210000039580;2
210000040744;0
210000040745;0
210000040746;0
210000040747;0
210000040748;1
210000040749;2
210000040750;0
210000040751;0
210000040752;0
210000040753;0
210000040754;0
210000040755;0
210000040756;0
210000040757;0
210000040758;0
210000040759;0
210000040760;0
210000040761;0
210000040762;0
210000040763;0
210000040764;0
210000040765;0
210000040766;0
210000040767;0
210000040768;0
210000040769;0
210000040770;0
210000040771;0
210000040772;1
210000040773;1
210000040774;0
210000040775;2
210000040776;2
210000040777;1
210000040778;1
210000040779;1
210000040780;1
210000040781;0
210000040782;1
210000040783;0
210000040784;1
210000040785;1
210000040786;1
210000040787;0
210000040788;0
210000040789;1
210000040790;1
210000040791;1
210000040792;1
210000040793;1
210000040794;1
210000040795;1
210000040796;0
210000040797;1
210000040798;2
210000040799;1
210000040800;0
210000040801;0
210000040802;1
210000040803;0
210000040804;1
210000040805;0
210000040806;0
210000040807;0
210000040808;0
210000040809;0
210000040810;0
210000040811;1
210000040812;0
210000040813;1
210000040814;0
210000040815;1
210000040816;3
210000040817;1
210000040818;2
210000040819;3
210000040820;0
210000040821;0
210000040822;0
210000040823;0
210000040824;0
210000040825;0
210000040826;0
210000040827;0
210000040828;0
210000040829;0
210000040830;0
210000040831;0
210000040832;0
210000040833;0
210000040834;0
210000040835;0
210000040836;0
210000040853;0
210000040854;0
210000040855;0
210000040856;3
210000040857;0
210000040858;0
210000040859;0
210000040860;0
210000040861;0
210000040862;0
210000040863;0
210000040864;0
210000040865;0
210000040866;0
210000040867;0
210000040876;0
210000040877;2
210000040878;6
210000040879;6
210000040880;0
210000040881;0
210000040882;0
210000040883;3
210000040884;1
210000040885;0
210000040886;6
210000040887;6
210000040888;8
210000040889;8
210000040890;6
210000040891;200
210000040893;200
210000033825;4
210000033826;4
210000033827;3
210000033828;4
210000033829;2
210000033830;0
210000033831;0
210000033832;0
210000033833;1
210000033834;1
210000033835;0
210000033836;2
210000033837;2
210000033838;2
210000033839;2
210000033845;7
210000033846;7
210000033847;10
210000033848;9
210000033849;1
210000033855;0
210000033856;0
210000033857;0
210000033858;0
210000033859;0
210000033860;1
210000033861;0
210000033862;0
210000033863;1
210000033864;0
210000033865;1
210000033866;1
210000033867;2
210000033868;2
210000033869;0
210000033870;0
210000033871;2
210000033872;2
210000033873;0
210000033874;1
210000033875;0
210000033876;0
210000033877;0
210000033878;0
210000033879;0
210000033880;0
210000033881;0
210000033882;0
210000033883;0
210000033884;0
210000033885;15
210000033886;16
210000033887;16
210000033888;12
210000033889;7
210000033890;15
210000033891;16
210000033892;16
210000033893;12
210000033894;7
210000033895;1
210000033896;2
210000033897;2
210000033898;1
210000033899;1
210000033900;0
210000033901;3
210000033902;0
210000033903;0
210000033904;0
210000033905;1
210000033906;3
210000033907;3
210000033908;2
210000033909;1
210000033910;1
210000033911;6
210000033912;3
210000033913;2
210000033914;1
210000033915;2
210000033916;3
210000033917;0
210000033918;0
210000033919;0
210000033920;3
210000033921;4
210000033922;3
210000033923;2
210000033924;1
210000033925;2
210000033926;2
210000033927;2
210000033928;1
210000033929;0
210000033930;2
210000033931;9
210000033932;3
210000033933;4
210000033934;1
210000033950;0
210000033951;1
210000033952;3
210000033953;4
210000033954;3
210000033955;1
210000033956;3
210000033957;2
210000033958;2
210000033959;1
210000033965;0
210000033966;0
210000033967;0
210000033968;0
210000033969;0
210000033975;0
210000033976;0
210000033977;0
210000033978;4
210000033979;2
210000033985;0
210000033986;0
210000033987;0
210000033988;0
210000033989;0
210000033990;0
210000033991;0
210000033992;0
210000033993;0
210000033994;0
210000033995;0
210000033996;1
210000033997;0
210000033998;0
210000033999;0
210000034000;10
210000034001;8
210000034002;3
210000034003;10
210000034004;10
210000034005;6
210000034006;1
210000034007;0
210000034008;3
210000034009;3
210000034012;2
210000034013;0
210000034014;0
210000034015;0
210000034016;3
210000034017;6
210000034018;9
210000034019;12
210000034020;0
210000034021;9
210000034022;4
210000034023;4
210000034024;9
210000034025;9
210000034026;0
210000034027;0
210000034028;0
210000034029;8
210000034030;0
210000034031;4
210000034032;6
210000034033;8
210000034034;2
210000034035;0
210000034036;0
210000034037;0
210000034038;0
210000034039;0
210000034040;6
210000034041;0
210000034042;1
210000034043;9
210000034044;2
210000034045;5
210000034046;12
210000034047;4
210000034048;0
210000034049;3
210000034050;78
210000034051;3
210000034052;16
210000034053;3
210000034054;11
210000034055;21
210000034056;3
210000034057;5
210000034058;7
210000034059;1
210000034060;4
210000034061;9
210000034062;5
210000034063;0
210000034064;0
210000034065;0
210000034066;0
210000034067;0
210000034068;0
210000034072;24
210000034073;75
210000034074;6
210000034075;0
210000034076;0
210000034077;1
210000034078;0
210000034079;0
210000034080;3
210000034081;2
210000034082;4
210000034083;1
210000034084;8
210000034085;7
210000034086;2
210000034087;10
210000034088;5
210000034089;1
210000034091;0
210000034092;2
210000034093;1
210000034094;0
210000034095;0
210000034096;0
210000034097;0
210000034098;0
210000034099;0
210000034101;0
210000034102;0
210000034103;0
210000034104;0
210000034105;0
210000034106;0
210000034107;0
210000034108;0
210000034109;3
210000034110;3
210000034111;0
210000034112;3
210000034113;18
210000034115;5
210000034123;23
210000034169;1
210000039404;56
210000039438;4
210000039439;7
210000039440;7
210000039441;6
210000039539;0
210000039540;3
210000039541;7
210000039542;3
210000039543;1
210000039544;5
210000039589;5
210000039590;0
210000039591;0
210000039592;2
210000039593;1
210000039594;0
210000039595;0
210000039597;0
210000039598;1
210000039599;0
210000039600;2
210000039601;2
210000039602;0
210000039640;3
210000039643;2
210000039682;0
210000039704;4
210000039705;5
210000039826;0
210000039827;1
210000039829;2
210000039834;1
210000039846;0
210000039847;9
210000039848;0
210000039853;0
210000039891;0
210000039894;0
210000039895;0
210000039896;0
210000039945;11
210000039946;15
210000040007;13
210000040009;0
210000040010;0
210000040013;0
210000040014;0
210000040015;0
210000040016;3
210000040017;1
210000040018;8
210000040020;1
210000040021;1
210000040022;0
210000040023;2
210000040024;9
210000040025;0
210000040026;0
210000040027;2
210000040028;0
210000040029;11
210000040030;1
210000040031;9
210000040032;5
210000040033;0
210000040034;3
210000040035;1
210000040036;14
210000040037;3
210000040038;5
210000040039;12
210000040040;0
210000040041;7
210000040042;2
210000040043;6
210000040044;3
210000040045;4
210000040046;6
210000040047;0
210000040048;0
210000040049;0
210000040050;2
210000040051;4
210000040052;1
210000040054;3
210000040055;0
210000040056;0
210000040057;0
210000040058;0
210000040059;0
210000040060;0
210000040061;2
210000040062;0
210000040063;0
210000040064;0
210000040065;0
210000040066;0
210000040067;0
210000040068;4
210000040069;0
210000040071;15
210000040072;2
210000040073;6
210000040074;4
210000040075;17
210000040076;0
210000040077;0
210000040078;0
210000040079;0
210000040080;0
210000040081;0
210000040082;0
210000040083;0
210000040084;0
210000040085;0
210000040086;1
210000040087;3
210000040088;1
210000040089;0
210000040090;0
210000040091;2
210000040092;5
210000040093;5
210000040094;0
210000040095;0
210000040096;0
210000040097;11
210000040098;0
210000040099;0
210000040100;0
210000040101;0
210000040102;0
210000040103;0
210000040104;0
210000040105;0
210000040106;0
210000040107;0
210000040108;0
210000040109;0
210000040110;0
210000040111;0
210000040112;0
210000040113;0
210000040114;0
210000040115;0
210000040116;0
210000040117;0
210000040118;0
210000040119;0
210000040120;0
210000040121;0
210000040122;0
210000040123;0
210000040124;0
210000040125;0
210000040126;0
210000040127;0
210000040128;0
210000040129;2
210000040131;1
210000040132;3
210000040133;1
210000040134;0
210000040135;1
210000040136;0
210000040137;1
210000040138;1
210000040139;2
210000040140;0
210000040141;2
210000040142;6
210000040143;7
210000040144;3
210000040145;1
210000040146;5
210000040147;10
210000040148;9
210000040149;3
210000040150;1
210000040151;0
210000040152;0
210000040153;0
210000040154;0
210000040155;1
210000040156;0
210000040157;0
210000040158;0
210000040159;4
210000040160;0
210000040161;6
210000040162;8
210000040163;13
210000040164;5
210000040165;0
210000040166;1
210000040167;0
210000040168;5
210000040169;2
210000040170;1
210000040171;0
210000040172;0
210000040173;0
210000040174;1
210000040175;1
210000040176;3
210000040177;4
210000040178;2
210000040179;0
210000040180;0
210000040181;0
210000040182;7
210000040183;10
210000040184;4
210000040185;2
210000040186;0
210000040187;1
210000040188;4
210000040189;1
210000040190;0
210000040191;0
210000040192;16
210000040193;16
210000040194;166
210000040196;0
210000040197;9
210000040198;0
210000040199;3
210000040200;0
210000040208;46
210000040209;39
210000040210;0
210000040211;6
210000040212;0
210000040213;44
210000040214;2
210000040216;24
210000040217;5
210000040218;0
210000040219;13
210000040220;3
210000040221;3
210000040222;6
210000040223;3
210000040224;3
210000040225;3
210000040226;6
210000040227;5
210000040228;3
210000040229;13
210000040652;3
210000040653;0
210000040654;0
210000040670;1
210000040672;2
210000041043;30
210000041045;0
210000041046;0
210000041047;0
210000041048;0
210000041049;0
210000041050;2
210000041051;3
210000041615;0
210000041616;0
210000041617;0
210000041618;0
210000041619;0
210000041620;0
210000041621;1
210000041622;0
210000041623;0
210000041624;0
210000041625;0
210000041626;0
210000041627;0
210000041628;0
210000041629;0
210000041630;0
210000041631;0
210000041632;0
210000041633;0
210000041634;2
210000041635;0
210000041636;0
210000041637;0
210000041638;0
210000041639;0
210000041640;0
210000041653;0
210000041654;0
210000041655;0
210000041656;0
210000041657;0
210000041658;1
210000041659;2
210000041660;0
210000041661;1
210000041662;0
210000041663;0
210000041664;0
210000041665;0
210000041666;1
210000041667;0
210000041668;1
210000041669;0
210000041670;0
210000041671;4
210000041672;1
210000041673;0
210000041674;3
210000041675;2
210000041676;2
210000041677;3
210000041678;0
210000041679;0
210000041680;0
210000041681;0
210000041682;0
210000041683;0
210000041684;0
210000041685;0
210000041686;0
210000041687;0
210000041688;0
210000041689;0
210000041690;0
210000041691;0
210000041692;0
210000041693;0
210000041694;0
210000041695;0
210000041696;0
210000041697;0
210000041698;0
210000041699;0
210000041700;2
210000041701;0
210000041702;0
210000041703;0
210000041704;0
210000041705;0
210000041706;0
210000041707;0
210000041708;0
210000041709;0
210000041710;0
210000041711;0
210000041712;0
210000041713;0
210000041714;0
210000041715;0
210000041716;0
210000041717;0
210000041718;0
210000041719;0
210000041720;0
210000041721;0
210000041722;0
210000041723;0
210000041724;0
210000041725;0
210000041726;0
210000041727;0
210000041728;0
210000041729;0
210000041730;0
210000041731;7
210000041732;0
210000041733;0
210000041734;0
210000041735;0
210000041736;0
210000041737;0
210000041738;0
210000041739;0
210000041752;0
210000041753;0
210000041754;0
210000041755;0
210000041756;0
210000041757;0
210000041758;0
210000041759;1
210000041760;0
210000041761;0
210000041762;0
210000041763;0
210000041764;0
210000041765;0
210000041766;0
210000041767;0
210000041768;0
210000041769;0
210000041770;0
210000041771;0
210000041772;0
210000041773;0
210000041775;0
210000041776;0
210000041777;0
210000041788;0
210000041789;0
210000041790;0
210000041791;0
210000041792;0
210000041793;1
210000041794;1
210000041795;0
210000041796;0
210000041797;0
210000041798;0
210000041799;0
210000041800;0
210000041801;0
210000041802;2
210000041803;0
210000041804;0
210000041805;0
210000041806;0
210000041807;0
210000041808;0
210000041809;0
210000041810;0
210000041811;0
210000041812;0
210000041813;0
210000041814;0
210000041815;0
210000041816;1
210000041817;2
210000041818;1
210000041819;4
210000041820;0
210000041821;0
210000041822;2
210000041823;0
210000041824;0
210000041825;0
210000041826;0
210000041827;0
210000041828;0
210000041829;0
210000041830;0
210000041831;0
210000041832;0
210000041833;0
210000041834;0
210000041835;0
210000041836;0
210000041837;0
210000041838;0
210000041839;0
210000041840;0
210000041841;0
210000041842;0
210000041843;0
210000041844;0
210000041845;0
210000041846;0
210000041847;0
210000041848;0
210000041849;0
210000041850;0
210000041851;0
210000041852;0
210000041855;6
210000041856;0
210000041857;0
210000041858;0
210000041859;0
210000041860;0
210000041861;0
210000041862;0
210000041863;0
210000041864;0
210000041865;0
210000041868;0
210000041869;0
210000041870;0
210000041871;0
210000041875;0
210000041876;0
210000041877;0
210000041878;0
210000041880;0
210000041881;0
210000041882;0
210000041884;0
210000041885;0
210000041886;0
210000041887;0
210000041888;1
210000041889;0
210000041890;0
210000041891;1
210000041892;0
210000041893;0
210000041894;0
210000041895;0
210000041896;0
210000041897;0
210000041898;0
210000041899;0
210000041900;0
210000041901;0
210000041902;0
210000041903;0
210000041904;0
210000041905;5
210000041906;0
210000041907;0
210000041908;0
210000041909;0
210000041910;0
210000041911;0
210000041912;0
210000041913;0
210000041915;0
210000041917;0
210000041920;0
210000041921;0
210000041922;0
210000041935;0
210000041936;0
210000041937;0
210000041938;0
210000041939;0
210000041940;0
210000041941;0
210000041942;4
210000041943;0
210000041944;0
210000041945;4
210000041946;0
210000041947;0
210000041948;4
210000041949;0
210000041950;2
210000041951;1
210000041952;0
210000041953;0
210000041954;6
210000041955;1
210000041956;0
210000041957;0
210000041958;0
210000041960;0
210000041961;0
210000041962;0
210000041973;0
210000041974;0
210000041975;0
210000041976;0
210000041977;0
210000041978;1
210000041979;0
210000041980;1
210000041981;0
210000041982;0
210000041983;0
210000041984;0
210000041985;0
210000041986;1
210000041987;1
210000041988;2
210000041989;0
210000041990;0
210000041991;0
210000041992;0
210000041993;0
210000041994;0
210000041995;0
210000041996;0
210000041997;0
210000041998;0
210000041999;0
210000042000;0
210000042003;6
210000042004;4
210000042005;0
210000042006;0
210000042007;1
210000042008;3
210000042009;0
210000042010;0
210000042011;0
210000042012;0
210000042013;0
210000042014;0
210000042015;0
210000042016;0
210000042017;0
210000042018;0
210000042019;0
210000042020;0
210000042021;0
210000042022;0
210000042023;0
210000042024;0
210000042025;0
210000042026;0
210000042027;0
210000042028;0
210000042029;0
210000042030;0
210000042031;0
210000042032;0
210000042033;0
210000042034;0
210000042035;7
210000042036;0
210000042037;0
210000042038;0
210000042039;0
210000042040;0
210000042041;0
210000042042;0
210000042043;0
210000042044;0
210000042045;0
210000042046;0
210000042047;0
210000042048;0
210000042049;0
210000042050;0
210000042051;0
210000042052;0
210000042053;0
210000042054;0
210000042055;0
210000042056;0
210000042057;0
210000042060;0
210000042061;0
210000042062;0
210000042063;0
210000042067;0
210000042068;0
210000042069;0
210000042070;0
210000042072;0
210000042073;0
210000042074;0
210000042076;0
210000042077;0
210000042078;0
210000042079;0
210000042080;0
210000042081;0
210000042082;0
210000042083;0
210000042084;0
210000042086;0
210000042088;0
210000042091;0
210000042092;0
210000042093;0
210000042106;0
210000042107;0
210000042108;0
210000042109;0
210000042110;0
210000042111;0
210000042112;0
210000042113;1
210000042114;0
210000042115;0
210000042116;1
210000042117;0
210000042118;0
210000042119;0
210000042120;0
210000042121;0
210000042122;0
210000042123;0
210000042124;0
210000042125;4
210000042126;0
210000042127;0
210000042128;0
210000042129;0
210000042131;0
210000042132;0
210000042133;0
210000042144;0
210000042145;0
210000042146;0
210000042147;0
210000042148;0
210000042149;3
210000042150;3
210000042151;0
210000042152;1
210000042153;1
210000042154;0
210000042155;1
210000042156;4
210000042157;1
210000042158;3
210000042159;2
210000042160;0
210000042161;0
210000042162;0
210000042163;0
210000042164;0
210000042165;0
210000042166;0
210000042167;0
210000042168;0
210000042169;0
210000042170;0
210000042171;0
210000042174;1
210000042175;4
210000042176;0
210000042177;3
210000042178;0
210000042179;2
210000042180;4
210000042181;0
210000042182;0
210000042183;0
210000042184;0
210000042185;0
210000042186;0
210000042187;0
210000042188;0
210000042189;0
210000042190;0
210000042191;0
210000042192;0
210000042193;0
210000042194;0
210000042195;0
210000042196;0
210000042197;0
210000042198;0
210000042199;0
210000042200;0
210000042201;0
210000042202;0
210000042203;0
210000042204;0
210000042205;0
210000042206;0
210000042207;0
210000042208;0
210000042209;0
210000042210;0
210000042211;12
210000042212;0
210000042213;0
210000042214;0
210000042215;0
210000042216;0
210000042217;0
210000042218;0
210000042219;0
210000042220;0
210000042221;0
210000042222;0
210000042223;3
210000042224;0
210000042225;0
210000042226;0
210000042227;0
210000042228;0
210000042229;0
210000042230;0
210000042231;0
210000042232;0
210000042233;0
210000042234;0
210000042235;0
210000042236;0
210000042237;0
210000042238;0
210000042239;0
210000042240;0
210000042241;0
210000042242;0
210000042243;0
210000042244;0
210000042245;0
210000042248;0
210000042249;0
210000042250;0
210000042251;0
210000042255;0
210000042256;0
210000042257;0
210000042258;0
210000042260;0
210000042261;0
210000042262;0
210000042264;0
210000042265;0
210000042266;0
210000042267;0
210000042268;0
210000042269;0
210000042270;0
210000042271;0
210000042272;0
210000042273;0
210000042274;0
210000042275;0
210000042276;0
210000042277;0
210000042278;0
210000042279;0
210000042280;0
210000042281;0
210000042282;0
210000042283;0
210000042284;0
210000042285;0
210000042286;0
210000042288;0
210000042290;0
210000042291;0
210000042292;0
210000042301;0
210000042302;0
210000042303;0
210000042304;0
210000042305;0
210000042306;0
210000042307;2
210000042308;0
210000042309;0
210000042310;1
210000042311;1
210000042312;0
210000042313;0
210000042314;0
210000042315;0
210000042316;0
210000042325;0
210000042326;0
210000042327;0
210000042328;0
210000042329;0
210000042330;0
210000042331;1
210000042332;0
210000042333;0
210000042334;0
210000042335;0
210000042336;0
210000042337;0
210000042338;0
210000042339;0
210000042340;0
210000042341;0
210000042342;0
210000042343;0
210000042344;0
210000042345;0
210000042346;0
210000042347;0
210000042348;3
210000042349;0
210000042350;0
210000042351;0
210000042352;0
210000042353;0
210000042354;0
210000042355;0
210000042356;0
210000042358;0
210000042360;0
210000042363;0
210000042364;0
210000042365;2
210000042378;0
210000042379;3
210000042380;0
210000042381;0
210000042382;0
210000042383;0
210000042384;0
210000042385;5
210000042386;0
210000042387;0
210000042388;4
210000042389;0
210000042390;0
210000042391;4
210000042392;0
210000042393;5
210000042394;2
210000042395;0
210000042396;0
210000042397;4
210000042398;1
210000042399;0
210000042400;0
210000042401;0
210000042403;0
210000042404;0
210000042405;0
210000042416;0
210000042417;0
210000042418;1
210000042419;1
210000042420;0
210000042421;5
210000042422;4
210000042423;0
210000042424;0
210000042425;0
210000042426;0
210000042427;1
210000042428;4
210000042429;4
210000042430;3
210000042431;2
210000042432;0
210000042433;0
210000042434;0
210000042435;0
210000042436;0
210000042437;0
210000042438;0
210000042439;0
210000042440;0
210000042441;0
210000042442;0
210000042443;0
210000042446;7
210000042447;4
210000042448;5
210000042449;5
210000042450;0
210000042451;4
210000042452;1
210000042453;0
210000042454;0
210000042455;0
210000042456;0
210000042457;0
210000042458;0
210000042459;0
210000042460;0
210000042461;0
210000042462;0
210000042463;0
210000042464;0
210000042465;0
210000042466;0
210000042467;0
210000042468;0
210000042469;0
210000042470;0
210000042471;0
210000042472;0
210000042473;0
210000042474;0
210000042475;0
210000042476;0
210000042477;0
210000042478;0
210000042479;0
210000042480;0
210000042481;0
210000042482;0
210000042483;0
210000042484;0
210000042485;0
210000042486;0
210000042487;0
210000042488;0
210000042489;0
210000042490;0
210000042491;0
210000042492;0
210000042493;0
210000042494;7
210000042495;0
210000042496;0
210000042497;0
210000042498;0
210000042499;0
210000042500;0
210000042501;0
210000042502;0
210000042503;0
210000042504;0
210000042505;0
210000042506;0
210000042507;0
210000042508;0
210000042509;0
210000042510;0
210000042511;0
210000042512;0
210000042513;0
210000042514;0
210000042515;0
210000042516;0
210000042519;0
210000042520;0
210000042521;0
210000042522;0
210000042526;0
210000042527;0
210000042528;0
210000042529;0
210000042531;0
210000042532;0
210000042533;0
210000042535;0
210000042536;0
210000042538;0
210000042540;0
210000042541;0
210000042542;0
210000042551;0
210000042552;3
210000042553;0
210000042554;0
210000042555;0
210000042556;0
210000042557;3
210000042558;0
210000042559;0
210000042560;0
210000042561;0
210000042562;0
210000042563;1
210000042564;0
210000042565;0
210000042566;0
210000042575;0
210000042576;0
210000042577;0
210000042578;0
210000042579;0
210000042580;0
210000042581;1
210000042582;0
210000042583;0
210000042584;1
210000042585;0
210000042586;0
210000042587;0
210000042588;0
210000042589;0
210000042590;0
210000042591;0
210000042592;0
210000042593;0
210000042594;0
210000042595;0
210000042596;0
210000042597;0
210000042599;0
210000042601;0
210000042604;0
210000042605;0
210000042606;2
210000042619;0
210000042620;6
210000042621;0
210000042622;0
210000042623;0
210000042624;0
210000042625;0
210000042626;4
210000042627;0
210000042628;0
210000042629;5
210000042630;0
210000042631;0
210000042632;5
210000042633;0
210000042634;3
210000042635;1
210000042636;1
210000042637;0
210000042638;0
210000042639;0
210000042640;0
210000042641;0
210000042642;0
210000042644;0
210000042645;0
210000042646;0
210000042657;0
210000042658;0
210000042659;1
210000042660;1
210000042661;0
210000042662;4
210000042663;2
210000042664;0
210000042665;1
210000042666;0
210000042667;0
210000042668;1
210000042669;4
210000042670;4
210000042671;4
210000042672;3
210000042673;0
210000042674;0
210000042675;0
210000042676;0
210000042677;0
210000042678;0
210000042679;0
210000042680;0
210000042681;0
210000042682;0
210000042683;0
210000042684;0
210000042687;2
210000042688;4
210000042689;0
210000042690;0
210000042691;1
210000042692;1
210000042693;0
210000042694;0
210000042695;0
210000042696;0
210000042697;0
210000042698;0
210000042699;0
210000042700;0
210000042701;0
210000042702;0
210000042703;0
210000042704;0
210000042705;0
210000042706;0
210000042707;0
210000042708;0
210000042709;0
210000042710;0
210000042711;0
210000042712;0
210000042713;0
210000042714;0
210000042715;0
210000042716;0
210000042717;0
210000042718;0
210000042719;0
210000042720;0
210000042721;0
210000042722;0
210000042723;0
210000042724;0
210000042725;0
210000042726;0
210000042727;0
210000042728;0
210000042729;0
210000042730;0
210000042731;0
210000042732;0
210000042733;0
210000042734;0
210000042735;10
210000042736;0
210000042737;0
210000042738;0
210000042739;0
210000042740;0
210000042741;0
210000042742;0
210000042743;0
210000042744;0
210000042745;0
210000042746;0
210000042747;0
210000042748;0
210000042749;0
210000042750;0
210000042751;0
210000042752;0
210000042753;0
210000042754;0
210000042755;0
210000042756;0
210000042757;0
210000042760;0
210000042761;0
210000042762;0
210000042763;0
210000042767;0
210000042768;0
210000042769;0
210000042770;0
210000042772;0
210000042773;0
210000042774;0
210000042776;0
210000042777;0
210000042778;0
210000042779;0
210000042780;0
210000042781;0
210000042782;0
210000042783;0
210000042784;0
210000042785;0
210000042786;0
210000042787;0
210000042788;0
210000042789;0
210000042790;0
210000042791;8
210000042792;0
210000042793;0
210000042794;0
210000042795;0
210000042796;0
210000042797;0
210000042798;0
210000042799;0
210000042800;0
210000042801;0
210000042802;26
210000042803;32
210000042804;3
210000042805;0
210000042806;0
210000042807;24
210000042808;0
210000042809;0
210000042810;0
210000042811;0
210000042812;0
210000042813;0
210000042814;0
210000042815;0
210000042816;17
210000042817;0
210000042818;25
210000042819;5
210000042821;0
210000042822;0
210000042823;0
210000042824;0
210000042825;0
210000042826;46
210000042827;46
210000042828;2
210000042829;3
210000042830;0
210000042831;0
210000042832;0
210000042835;0
210000042836;0
210000042837;0
210000042838;0
210000042839;0
210000042840;0
210000042841;8
210000042842;3
210000042843;1
210000042844;0
210000042845;0
210000042846;5
210000042847;6
210000042848;10
210000042849;0
210000042850;0
210000042851;1
210000042852;0
210000042853;0
210000042854;26
210000042855;5
210000042856;1
210000042857;0
210000042858;0
210000042859;0
210000042860;0
210000042861;0
210000042862;0
210000042863;0
210000042867;0
210000042868;22
210000042869;0
210000042870;0
210000042871;1
210000042872;0
210000050541;27
210000050542;2
210000050543;0
210000050545;2
210000050546;0
210000050547;0
210000019295;17
210000019296;18
210000019297;22
210000019298;24
210000019299;2
210000019300;19
210000019302;2
210000019303;7
210000019304;7
210000019305;12
210000019306;17
210000019307;25
210000019308;25
210000019309;2
210000019310;14
210000019313;3
210000019314;11
210000019315;7
210000019316;19
210000019317;25
210000019318;25
210000019320;1
210000019322;25
210000019323;25
210000019324;25
210000019367;13
210000019369;4
210000019370;3
210000019372;2
210000019375;25
210000019376;25
210000019377;19
210000019378;2
210000019381;12
210000019382;16
210000019383;12
210000019387;8
210000019388;7
210000019389;1
210000019391;25
210000019392;25
210000019395;25
210000019396;25
210000019397;25
210000019398;25
210000019399;25
210000019406;25
210000019411;25
210000019412;18
210000019414;25
210000019418;13
210000019419;25
210000019420;3
210000019421;25
210000019422;12
210000019423;25
210000019427;12
210000019428;9
210000019429;25
210000019430;25
210000019437;25
210000019438;4
210000019441;25
210000019442;25
210000019443;10
210000019444;3
210000019445;25
210000019446;25
210000019456;18
210000019457;8
210000019462;25
210000019464;10
210000019465;25
210000019468;12
210000019471;25
210000019472;25
210000019473;2
210000019497;25
210000019498;11
210000019504;25
210000019505;25
210000019506;25
210000019507;24
210000019514;1
210000019515;3
210000019521;10
210000019536;12
210000019537;25
210000019538;25
210000019539;25
210000019540;25
210000019541;25
210000019542;4
210000019544;1
210000019549;3
210000019551;2
210000019556;6
210000019562;5
210000019563;9
210000019569;3
210000019570;5
210000019574;25
210000019575;1
210000019580;4
210000019581;12
210000019582;1
210000019585;18
210000019586;18
210000019587;4
210000019591;1
210000019600;2
210000019601;1
210000019610;1
210000019620;1
210000019627;2
210000019628;1
210000019631;8
210000019632;15
210000019633;1
210000019634;2
210000019635;1
210000019636;2
210000019637;2
210000019639;4
210000019640;9
210000019641;1
210000019643;3
210000019644;2
210000019645;3
210000019648;13
210000019649;2
210000019651;5
210000019652;4
210000019653;3
210000019659;3
210000019660;2
210000019661;2
210000019667;3
210000019668;4
210000019669;3
210000019699;2
210000019707;2
210000019715;16
210000019716;8
210000019718;4
210000019722;6
210000019723;14
210000019724;14
210000019725;11
210000019726;5
210000019727;7
210000019728;12
210000019729;20
210000019730;16
210000019731;23
210000019732;16
210000019735;7
210000019736;2
210000019737;23
210000019739;2
210000019741;1
210000019742;10
210000019743;18
210000019744;16
210000019745;8
210000019746;12
210000019747;23
210000019759;25
210000019760;25
210000019762;25
210000019763;25
210000019764;25
210000019765;25
210000019766;14
210000019767;25
210000019768;25
210000019769;25
210000019794;1
210000019795;1
210000019885;25
210000019889;10
210000019895;25
210000019901;25
210000019902;25
210000019904;25
210000019905;25
210000019906;6
210000019907;18
210000019908;25
210000019909;25
210000019910;25
210000019911;25
210000019912;25
210000019913;11
210000019914;25
210000019915;11
210000019916;16
210000019917;10
210000019918;25
210000019919;25
210000019920;25
210000019921;25
210000019922;25
210000019923;7
210000019924;5
210000019925;10
210000019926;13
210000019927;5
210000019928;15
210000019929;10
210000019930;16
210000019931;17
210000019932;14
210000019934;12
210000019938;16
210000019964;6
210000019966;25
210000019969;25
210000019970;25
210000019971;25
210000019972;25
210000019973;25
210000019978;25
210000019979;25
210000019985;25
210000019986;25
210000019987;25
210000019989;21
210000019991;25
210000019995;25
210000019996;25
210000019997;15
210000019998;25
210000019999;25
210000020000;25
210000020001;25
210000020002;25
210000020003;18
210000020004;23
210000020005;25
210000020006;25
210000020007;25
210000020008;25
210000020009;9
210000020010;25
210000020011;20
210000020018;25
210000020019;18
210000020020;9
210000020021;25
210000020022;23
210000020023;20
210000020024;16
210000020025;25
210000020027;25
210000020028;25
210000020030;13
210000020031;25
210000020032;25
210000020035;5
210000020037;7
210000020038;15
210000020040;1
210000020041;25
210000020042;17
210000020043;25
210000020044;4
210000020045;5
210000020046;11
210000020047;25
210000020048;25
210000020049;18
210000020050;2
210000020051;8
210000020052;16
210000020053;21
210000020054;5
210000020055;11
210000020056;24
210000020057;22
210000020058;25
210000020059;13
210000020060;13
210000020061;10
210000020062;25
210000020063;25
210000020064;7
210000020065;1
210000020066;14
210000020067;25
210000020068;25
210000020069;15
210000020070;11
210000020071;15
210000020072;15
210000020073;13
210000020075;3
210000020076;12
210000020077;15
210000020078;15
210000020079;3
210000020080;3
210000020081;3
210000020082;11
210000020083;13
210000020084;1
210000020087;4
210000020088;5
210000020092;2
210000020093;3
210000020096;7
210000020097;25
210000020098;15
210000020100;11
210000020101;17
210000020102;15
210000020103;7
210000020104;16
210000020105;4
210000020106;10
210000020107;24
210000020108;18
210000020109;25
210000020110;23
210000020111;25
210000020112;7
210000020113;4
210000020114;25
210000020115;25
210000020116;25
210000020117;21
210000020118;4
210000020119;14
210000020120;23
210000020121;21
210000020122;10
210000020123;4
210000020124;6
210000020125;25
210000020126;25
210000020127;18
210000020128;8
210000020129;10
210000020130;16
210000020131;17
210000020132;12
210000020133;8
210000020134;15
210000020135;25
210000020136;23
210000020137;16
210000020138;12
210000020139;12
210000020140;20
210000020141;18
210000020143;12
210000020144;20
210000020145;24
210000020146;25
210000020147;25
210000020149;4
210000020151;4
210000020153;19
210000020154;9
210000020157;5
210000020158;25
210000020159;25
210000020160;25
210000020161;25
210000020162;25
210000020163;25
210000020164;25
210000020165;7
210000020166;25
210000020167;25
210000020168;25
210000020169;25
210000020170;25
210000020171;25
210000020172;25
210000020173;25
210000020174;25
210000020175;25
210000020177;9
210000020178;22
210000020179;25
210000020180;25
210000020181;25
210000020182;25
210000020183;25
210000020186;25
210000020288;25
210000020289;25
210000020290;25
210000020291;25
210000020292;25
210000020293;25
210000020294;25
210000020295;25
210000020296;25
210000020297;25
210000020298;25
210000020299;25
210000020300;25
210000020301;25
210000020302;25
210000020303;25
210000020304;25
210000020305;25
210000020306;25
210000020307;25
210000020308;25
210000020309;25
210000020310;25
210000020311;25
210000020312;25
210000020313;22
210000020314;25
210000020315;15
210000020316;19
210000020317;15
210000020321;25
210000020322;25
210000020323;25
210000020324;25
210000020325;8
210000020326;4
210000020330;6
210000020333;7
210000020335;2
210000020336;4
210000020339;18
210000020340;25
210000020341;25
210000020342;25
210000020343;11
210000020344;25
210000020345;25
210000020346;20
210000020347;25
210000020348;25
210000020349;25
210000020350;25
210000020351;25
210000020352;25
210000020353;25
210000020363;5
210000020368;17
210000020369;2
210000020370;9
210000020371;25
210000020372;25
210000020373;10
210000020374;25
210000020375;25
210000020376;25
210000020377;25
210000020379;25
210000020380;25
210000020381;25
210000020382;5
210000020384;5
210000020385;3
210000020386;2
210000020387;5
210000020388;14
210000020389;9
210000020390;3
210000020391;25
210000020392;25
210000020393;25
210000020394;25
210000020395;25
210000020396;25
210000020397;25
210000020398;25
210000020420;25
210000020421;25
210000020422;25
210000020423;25
210000020424;25
210000020425;18
210000020426;25
210000020427;25
210000020432;12
210000020433;25
210000020436;19
210000020437;25
210000020439;8
210000020442;5
210000020444;5
210000020451;20
210000020452;25
210000020463;25
210000020473;22
210000020474;1
210000020475;14
210000020479;14
210000020481;7
210000020482;11
210000020484;12
210000020485;14
210000020486;19
210000020487;13
210000020488;25
210000020489;20
210000020490;25
210000020491;25
210000020492;25
210000020493;25
210000020494;2
210000020497;13
210000020504;7
210000020505;25
210000020506;25
210000020507;4
210000020508;11
210000020509;17
210000020510;19
210000020511;15
210000020512;8
210000020514;25
210000020520;2
210000020526;20
210000020527;18
210000020529;25
210000020530;25
210000020532;25
210000020534;25
210000020535;25
210000020536;5
210000020537;14
210000020540;5
210000020541;25
210000020542;16
210000020544;14
210000020545;18
210000020548;5
210000020549;5
210000020552;5
210000020553;6
210000020556;8
210000020557;15
210000020560;20
210000020561;18
210000020562;22
210000020563;25
210000020564;25
210000020565;25
210000020566;25
210000020656;25
210000020657;21
210000021090;3
210000021116;25
210000021117;11
210000021127;20
210000021174;25
210000021271;25
210000026627;20
210000028585;25
210000028609;14
210000029564;3
210000029565;2
210000029566;25
210000029567;15
210000029568;25
210000029569;25
210000029570;25
210000029571;13
210000029572;1
210000029573;1
210000029574;4
210000029575;3
210000029576;6
210000029577;10
210000029578;5
210000029579;9
210000029580;4
210000029581;2
210000029582;1
210000029583;8
210000029584;9
210000029585;18
210000029586;12
210000029587;23
210000029588;13
210000029589;9
210000029590;2
210000029591;3
210000029592;7
210000029593;2
210000029594;25
210000029595;14
210000029596;18
210000029597;6
210000029598;10
210000029599;25
210000029600;25
210000029601;25
210000029602;25
210000029603;2
210000029604;1
210000029605;9
210000029606;22
210000029607;19
210000029608;4
210000029611;4
210000029612;18
210000029613;25
210000029614;25
210000029616;25
210000029617;25
210000029618;25
210000029619;25
210000029621;25
210000029765;18
210000029766;25
210000029767;25
210000029768;25
210000029769;25
210000029770;25
210000029771;25
210000029772;25
210000029774;25
210000029777;5
210000029778;5
210000029779;6
210000029780;17
210000029783;8
210000029784;25
210000029785;25
210000029786;24
210000029788;16
210000029789;25
210000029797;4
210000029809;1
210000029817;6
210000029818;4
210000029820;12
210000029821;25
210000029823;16
210000029824;13
210000029825;25
210000029826;25
210000029827;25
210000029828;25
210000029829;25
210000029830;25
210000029831;25
210000029832;25
210000029840;6
210000029841;11
210000029842;6
210000029843;11
210000029844;8
210000029852;8
210000029853;9
210000029854;12
210000029855;8
210000029862;6
210000029863;9
210000029864;6
210000029865;14
210000029866;12
210000029877;8
210000029878;7
210000029879;9
210000029880;9
210000029885;25
210000029889;25
210000029893;25
210000029896;15
210000029897;8
210000029898;13
210000029899;25
210000029900;15
210000029901;1
210000029902;25
210000029903;3
210000029904;7
210000029905;19
210000029906;7
210000029907;15
210000029908;7
210000029909;7
210000029910;25
210000029911;25
210000029912;9
210000029913;25
210000029914;23
210000029915;14
210000029916;19
210000029917;7
210000029918;11
210000029919;10
210000029920;10
210000029921;24
210000029922;19
210000029923;11
210000029924;25
210000029925;18
210000029926;15
210000029927;25
210000029928;13
210000029930;4
210000029931;3
210000029932;13
210000029933;4
210000029934;3
210000029936;4
210000029937;5
210000029938;11
210000029939;6
210000029940;1
210000029941;3
210000029942;2
210000029943;2
210000029946;9
210000029947;12
210000029948;8
210000029949;15
210000029950;6
210000029951;13
210000029952;25
210000029953;15
210000029954;25
210000029955;14
210000029956;14
210000029957;10
210000029958;13
210000029959;21
210000029960;15
210000029961;22
210000029962;17
210000029963;11
210000029964;10
210000029965;6
210000029966;9
210000029967;11
210000029968;11
210000029969;9
210000029970;5
210000029971;11
210000029972;8
210000029973;12
210000029974;13
210000029975;9
210000029976;9
210000029977;1
210000029979;12
210000029980;13
210000029981;16
210000029982;17
210000029983;9
210000029984;5
210000029985;11
210000029986;18
210000029987;14
210000029988;9
210000030001;25
210000030002;25
210000030004;13
210000030005;25
210000039717;2
210000039718;1
210000039720;3
210000039721;5
210000039722;11
210000039723;3
210000039724;21
210000039725;10
210000039726;4
210000039750;25
210000039751;25
210000040423;5
210000040424;11
210000040425;18
210000040426;5
210000040427;14
210000040428;6
210000040434;1
210000040435;1
210000040436;1
210000040437;2
210000040438;6
210000040439;12
210000040440;9
210000040441;4
210000040442;2
210000040443;6
210000040444;4
210000040446;11
210000040447;25
210000040448;12
210000040449;20
210000040450;8
210000040451;25
210000040452;8
210000040453;9
210000040454;7
210000040455;4
210000040456;14
210000040457;8
210000040458;12
210000040459;12
210000040460;25
210000040461;19
210000040462;24
210000040463;7
210000040464;13
210000040632;25
210000040633;25
210000040635;14
210000040667;3
210000040668;10
210000040669;21
210000040913;16
210000040914;15
210000040915;13
210000040916;14
210000040917;10
210000040918;10
210000040922;1
210000040923;5
210000040924;3
210000040925;6
210000040926;6
210000040927;6
210000040928;4
210000040929;15
210000040930;16
210000040931;8
210000040932;24
210000040933;23
210000040934;25
210000040935;16
210000040936;22
210000040937;25
210000040938;25
210000040939;25
210000040940;25
210000040941;25
210000040942;19
210000040943;25
210000040944;21
210000040945;2
210000040946;2
210000040947;2
210000040948;2
210000040949;2
210000040950;2
210000040951;2
210000040952;2
210000040953;2
210000040954;2
210000040955;2
210000040956;2
210000040957;2
210000040958;2
210000040959;2
210000040960;2
210000040961;2
210000040962;2
210000040963;25
210000040964;25
210000040965;19
210000040983;2
210000040984;2
210000040985;2
210000040986;1
210000040987;1
210000040988;4
210000040989;5
210000040990;5
210000040991;3
210000040992;5
210000040993;4
210000040994;4
210000040996;1
210000040997;1
210000040998;2
210000041000;25
210000041001;25
210000041002;25
210000041003;25
210000041004;20
210000041005;22
210000041006;7
210000041007;25
210000041008;9
210000041010;25
210000041012;18
210000041013;25
210000041014;25
210000041015;25
210000041016;25
210000041017;19
210000041018;6
210000041019;1
210000041020;3
210000041021;4
210000041022;19
210000041023;17
210000041024;25
210000041025;25
210000041026;25
210000041027;25
210000041028;25
210000041029;25
210000041030;25
210000041031;25
210000041032;25
210000041034;19
210000041035;6
210000041036;25
210000041038;25
210000041039;25
210000041041;22
